model,descriptor,pca_components,n_train,property,metric,mean,std,config,cv,relative_std
gp,soap,25,250,Cv_300K,R2,0.4801456389836843,0.0425265145669617,gp_soap_pca25_n250,0.0885700319115192,8.857003189307273
gp,soap,25,250,Cv_300K,RMSE,2.2310916434346155,0.0918690698027794,gp_soap_pca25_n250,0.0411767351973732,4.117673519552763
gp,soap,25,250,Cv_300K,Spearman,0.841784067545962,0.0150815530928082,gp_soap_pca25_n250,0.0179161778825004,1.7916177880372055
gp,soap,25,250,S_300K,R2,0.6052220982646281,0.0246885792028065,gp_soap_pca25_n250,0.0407925937826738,4.079259377593376
gp,soap,25,250,S_300K,RMSE,8.026407501112546,0.2472324268961024,gp_soap_pca25_n250,0.030802376637597,3.0802376637213236
gp,soap,25,250,S_300K,Spearman,0.8413562537064356,0.0154272061677733,gp_soap_pca25_n250,0.0183361163595226,1.833611635734334
gp,soap,25,250,F_300K,R2,0.6539983086132157,0.022074742073482,gp_soap_pca25_n250,0.0337535155408747,3.375351553571368
gp,soap,25,250,F_300K,RMSE,2972.858715616174,93.892229715434,gp_soap_pca25_n250,0.0315831456174577,3.1583145617456676
gp,soap,25,250,F_300K,Spearman,0.8730643455543488,0.0110392113078671,gp_soap_pca25_n250,0.0126442127250744,1.26442127236262
gp,soap,25,250,max_phonon_freq,R2,0.5222910281276418,0.0299808778627921,gp_soap_pca25_n250,0.0574026285120584,5.740262850106792
gp,soap,25,250,max_phonon_freq,RMSE,9.014722022320328,0.2814856744941181,gp_soap_pca25_n250,0.0312251086386428,3.122510863829644
gp,soap,25,250,max_phonon_freq,Spearman,0.8862032395502579,0.0075486919218212,gp_soap_pca25_n250,0.0085180143616402,0.8518014360679055
gp,mace,25,250,Cv_300K,R2,0.5927510663677583,0.049818136286374,gp_mace_pca25_n250,0.0840456291232811,8.40456291091022
gp,mace,25,250,Cv_300K,RMSE,1.9649343333008424,0.1220307122771378,gp_mace_pca25_n250,0.0621042190616831,6.210421905852249
gp,mace,25,250,Cv_300K,Spearman,0.851256637828515,0.0238090786307256,gp_mace_pca25_n250,0.0279693309545997,2.796933095131411
gp,mace,25,250,S_300K,R2,0.7691484871073857,0.0125963356883136,gp_mace_pca25_n250,0.0163769881881792,1.637698818605002
gp,mace,25,250,S_300K,RMSE,6.138304217689057,0.1675735021879182,gp_mace_pca25_n250,0.0272996411134223,2.729964111297764
gp,mace,25,250,S_300K,Spearman,0.9318733833192648,0.0065484334166306,gp_mace_pca25_n250,0.0070271707872002,0.7027170786446161
gp,mace,25,250,F_300K,R2,0.8127216412377832,0.0078255921991807,gp_mace_pca25_n250,0.009628871439011,0.9628871437826312
gp,mace,25,250,F_300K,RMSE,2184.4861551597596,45.91406902414369,gp_mace_pca25_n250,0.0210182467468125,2.1018246746811595
gp,mace,25,250,F_300K,Spearman,0.9482782962975884,0.0023686652655901,gp_mace_pca25_n250,0.0024978587771524,0.2497858776889037
gp,mace,25,250,max_phonon_freq,R2,0.472546432579661,0.1023216125915793,gp_mace_pca25_n250,0.2165323988015296,21.65323987557072
gp,mace,25,250,max_phonon_freq,RMSE,9.378976259124208,0.9782810506060922,gp_mace_pca25_n250,0.1043057390889954,10.430573908788332
gp,mace,25,250,max_phonon_freq,Spearman,0.809928595192066,0.0195017809434686,gp_mace_pca25_n250,0.0240783953785999,2.407839537562706
gp,orb,25,250,Cv_300K,R2,0.6927555107378562,0.0267484581286226,gp_orb_pca25_n250,0.0386116858170247,3.8611685811451086
gp,orb,25,250,Cv_300K,RMSE,1.708377986319546,0.0744548051599526,gp_orb_pca25_n250,0.0435821614163705,4.358216141381951
gp,orb,25,250,Cv_300K,Spearman,0.882167677351964,0.0156721691460791,gp_orb_pca25_n250,0.0177655218485479,1.7765521846534085
gp,orb,25,250,S_300K,R2,0.8062570974182804,0.0025667454071268,gp_orb_pca25_n250,0.0031835321702541,0.3183532169859259
gp,orb,25,250,S_300K,RMSE,5.625318566213415,0.037399697937646,gp_orb_pca25_n250,0.0066484586601503,0.6648458660032138
gp,orb,25,250,S_300K,Spearman,0.949135973815108,0.001845820260484,gp_orb_pca25_n250,0.0019447374363702,0.1944737436165382
gp,orb,25,250,F_300K,R2,0.885738891011895,0.0032828270305776,gp_orb_pca25_n250,0.0037063146530996,0.3706314652681184
gp,orb,25,250,F_300K,RMSE,1706.500632552926,24.339778620296336,gp_orb_pca25_n250,0.0142629766177607,1.4262976617759928
gp,orb,25,250,F_300K,Spearman,0.9681710613967844,0.0013571542968078,gp_orb_pca25_n250,0.0014017711858169,0.1401771185672138
gp,orb,25,250,max_phonon_freq,R2,0.7474010174364372,0.0552566095548265,gp_orb_pca25_n250,0.0739316755874309,7.393167557753913
gp,orb,25,250,max_phonon_freq,RMSE,6.4858176680375665,0.7206056849387086,gp_orb_pca25_n250,0.1111048323929748,11.110483239126175
gp,orb,25,250,max_phonon_freq,Spearman,0.8946607225623024,0.0214164794538205,gp_orb_pca25_n250,0.0239381018007405,2.3938101798064895
gp,uma,25,250,Cv_300K,R2,0.5302768955355124,0.054422102514412,gp_uma_pca25_n250,0.1026295940339859,10.262959401463196
gp,uma,25,250,Cv_300K,RMSE,2.11049807138619,0.1274118990974272,gp_uma_pca25_n250,0.0603705356687401,6.0370535665879625
gp,uma,25,250,Cv_300K,Spearman,0.7659165426129491,0.0226175695864899,gp_uma_pca25_n250,0.029530070612301,2.9530070608445564
gp,uma,25,250,S_300K,R2,0.6418472517544545,0.0121656150912881,gp_uma_pca25_n250,0.0189540658747607,1.8954065871807737
gp,uma,25,250,S_300K,RMSE,7.647409463967094,0.1309068095229722,gp_uma_pca25_n250,0.017117797881724,1.711779788150019
gp,uma,25,250,S_300K,Spearman,0.8508080644453404,0.00754124777218,gp_uma_pca25_n250,0.0088636298682668,0.8863629867225029
gp,uma,25,250,F_300K,R2,0.7415392152433483,0.015727227937565,gp_uma_pca25_n250,0.021208895786319,2.120889578345895
gp,uma,25,250,F_300K,RMSE,2565.671256283299,77.43829114106943,gp_uma_pca25_n250,0.0301824682142826,3.018246821428152
gp,uma,25,250,F_300K,Spearman,0.8760776365864039,0.0072768069028207,gp_uma_pca25_n250,0.0083061210547211,0.8306121053773078
gp,uma,25,250,max_phonon_freq,R2,0.6918988851080502,0.0391783213497534,gp_uma_pca25_n250,0.0566243452518862,5.662434524370233
gp,uma,25,250,max_phonon_freq,RMSE,7.194121377609221,0.4320909893610768,gp_uma_pca25_n250,0.0600616762883518,6.0061676287516965
gp,uma,25,250,max_phonon_freq,Spearman,0.8368917673879739,0.0074275122198804,gp_uma_pca25_n250,0.008875116842244,0.8875116841183568
gp,soap,50,250,Cv_300K,R2,0.4122249623160037,0.0397508093740911,gp_soap_pca50_n250,0.096429893887937,9.642989386454454
gp,soap,50,250,Cv_300K,RMSE,2.372994583773156,0.0810630445017874,gp_soap_pca50_n250,0.034160652980882,3.4160652979442485
gp,soap,50,250,Cv_300K,Spearman,0.8217745702028976,0.0284154486140688,gp_soap_pca50_n250,0.0345781551831823,3.457815517897464
gp,soap,50,250,S_300K,R2,0.5912619917357891,0.0275866618193819,gp_soap_pca50_n250,0.046657255505964,4.66572554980729
gp,soap,50,250,S_300K,RMSE,8.166360967923875,0.2741901225810835,gp_soap_pca50_n250,0.0335755575412423,3.3575557540831182
gp,soap,50,250,S_300K,Spearman,0.841844080764359,0.0176687306907627,gp_soap_pca50_n250,0.0209881272488371,2.0988127246344033
gp,soap,50,250,F_300K,R2,0.6538485152646099,0.0171465769785848,gp_soap_pca50_n250,0.0262240818450824,2.6224081841071767
gp,soap,50,250,F_300K,RMSE,2974.078615216044,73.42382747542163,gp_soap_pca50_n250,0.0246879242195445,2.4687924219543698
gp,soap,50,250,F_300K,Spearman,0.8884067197053291,0.0066891078646641,gp_soap_pca50_n250,0.0075293305603122,0.7529330559464747
gp,soap,50,250,max_phonon_freq,R2,0.5382636745769636,0.0333551958636548,gp_soap_pca50_n250,0.0619681346504936,6.19681346389811
gp,soap,50,250,max_phonon_freq,RMSE,8.861516179785237,0.3132899818704825,gp_soap_pca50_n250,0.035353993099415,3.5353993099016137
gp,soap,50,250,max_phonon_freq,Spearman,0.8902274785326375,0.0092275536698889,gp_soap_pca50_n250,0.0103653885017104,1.036538850054611
gp,mace,50,250,Cv_300K,R2,0.6153679717032381,0.0333642369365748,gp_mace_pca50_n250,0.0542183514105032,5.4218351401692555
gp,mace,50,250,Cv_300K,RMSE,1.9115657707675635,0.0807820473689769,gp_mace_pca50_n250,0.0422596222449306,4.22596222427199
gp,mace,50,250,Cv_300K,Spearman,0.8509474626386069,0.0193407096634901,gp_mace_pca50_n250,0.022728441546225,2.2728441543554094
gp,mace,50,250,S_300K,R2,0.7707712646209891,0.0085817209621003,gp_mace_pca50_n250,0.0111339399326467,1.1133939931202277
gp,mace,50,250,S_300K,RMSE,6.1179031034530365,0.1142789735571088,gp_mace_pca50_n250,0.0186794350326679,1.8679435032362657
gp,mace,50,250,S_300K,Spearman,0.937720768768974,0.0045639157498817,gp_mace_pca50_n250,0.0048670306789441,0.4867030678425133
gp,mace,50,250,F_300K,R2,0.8373592977331212,0.0094933539283541,gp_mace_pca50_n250,0.0113372526632883,1.1337252661934432
gp,mace,50,250,F_300K,RMSE,2035.3100265158248,59.49291283178892,gp_mace_pca50_n250,0.0292303934323129,2.923039343231154
gp,mace,50,250,F_300K,Spearman,0.9588486954720772,0.0030989557880077,gp_mace_pca50_n250,0.0032319549503918,0.3231954950054734
gp,mace,50,250,max_phonon_freq,R2,0.6213777403834431,0.1272699257012753,gp_mace_pca50_n250,0.2048189328808896,20.48189328479276
gp,mace,50,250,max_phonon_freq,RMSE,7.86453470116592,1.4071896293607995,gp_mace_pca50_n250,0.1789285295101035,17.89285295078284
gp,mace,50,250,max_phonon_freq,Spearman,0.8462987969220885,0.013036220540807,gp_mace_pca50_n250,0.0154038037017405,1.5403803699920362
gp,orb,50,250,Cv_300K,R2,0.7158888790272352,0.0275572013327526,gp_orb_pca50_n250,0.0384936854588353,3.8493685453458273
gp,orb,50,250,Cv_300K,RMSE,1.6423158469140016,0.0820564454013422,gp_orb_pca50_n250,0.0499638638667042,4.996386386366193
gp,orb,50,250,Cv_300K,Spearman,0.90036092061788,0.0134918755110569,gp_orb_pca50_n250,0.0149849634764223,1.4984963474757984
gp,orb,50,250,S_300K,R2,0.807715025184564,0.0033157402715357,gp_orb_pca50_n250,0.0041050867795582,0.410508677905
gp,orb,50,250,S_300K,RMSE,5.604027142787037,0.0485001476009252,gp_orb_pca50_n250,0.0086545168974332,0.8654516897278854
gp,orb,50,250,S_300K,Spearman,0.9506764558084948,0.0023818934171558,gp_orb_pca50_n250,0.0025054721852032,0.2505472184939714
gp,orb,50,250,F_300K,R2,0.8887077879209702,0.0032723229895134,gp_orb_pca50_n250,0.0036821135518218,0.3682113551407502
gp,orb,50,250,F_300K,RMSE,1684.1752144280313,24.65262616251353,gp_orb_pca50_n250,0.0146378036865278,1.4637803686527018
gp,orb,50,250,F_300K,Spearman,0.9714065794007308,0.0009627184336157,gp_orb_pca50_n250,0.0009910561180361,0.0991056117934164
gp,orb,50,250,max_phonon_freq,R2,0.7749827145888724,0.0630102782180091,gp_orb_pca50_n250,0.0813053982132182,8.130539820272697
gp,orb,50,250,max_phonon_freq,RMSE,6.0984653583533746,0.8624884779759641,gp_orb_pca50_n250,0.1414271340894919,14.142713408717286
gp,orb,50,250,max_phonon_freq,Spearman,0.8989770514418944,0.0152136605242535,gp_orb_pca50_n250,0.0169233024356426,1.6923302433760188
gp,uma,50,250,Cv_300K,R2,0.6653054203794868,0.0172086226628701,gp_uma_pca50_n250,0.025865748475421,2.586574847153329
gp,uma,50,250,Cv_300K,RMSE,1.784184530217276,0.0450741008150944,gp_uma_pca50_n250,0.0252631384544093,2.526313845299343
gp,uma,50,250,Cv_300K,Spearman,0.8252071088896787,0.0090388761603995,gp_uma_pca50_n250,0.0109534637584028,1.0953463757075503
gp,uma,50,250,S_300K,R2,0.6644357146915265,0.0118047607412319,gp_uma_pca50_n250,0.0177665957446499,1.7766595741975977
gp,uma,50,250,S_300K,RMSE,7.402266109977845,0.1300259294787396,gp_uma_pca50_n250,0.017565692390263,1.756569239002571
gp,uma,50,250,S_300K,Spearman,0.8709945766882863,0.0065938600074707,gp_uma_pca50_n250,0.0075704949077203,0.7570494906851157
gp,uma,50,250,F_300K,R2,0.7606406917450038,0.012674815617761,gp_uma_pca50_n250,0.0166633415163254,1.6663341514134709
gp,uma,50,250,F_300K,RMSE,2469.316857024711,64.85626197849811,gp_uma_pca50_n250,0.0262648601753942,2.626486017539322
gp,uma,50,250,F_300K,Spearman,0.8956037020893,0.0053834093687225,gp_uma_pca50_n250,0.0060109279988055,0.6010927998134415
gp,uma,50,250,max_phonon_freq,R2,0.6984736201446881,0.0239851362363945,gp_uma_pca50_n250,0.0343393587741023,3.4339358769185964
gp,uma,50,250,max_phonon_freq,RMSE,7.124127544197075,0.2836753872773122,gp_uma_pca50_n250,0.0398189652722288,3.98189652716699
gp,uma,50,250,max_phonon_freq,Spearman,0.8228051974672441,0.0175688239874104,gp_uma_pca50_n250,0.0213523493063615,2.1352349303766496
gp,soap,10,250,Cv_300K,R2,0.3631421092413945,0.0622892959951154,gp_soap_pca10_n250,0.1715287057324143,17.15287056851797
gp,soap,10,250,Cv_300K,RMSE,2.46838230172314,0.1246757179795055,gp_soap_pca10_n250,0.0505090795264863,5.05090795244401
gp,soap,10,250,Cv_300K,Spearman,0.7903952690061409,0.0300810873454247,gp_soap_pca10_n250,0.0380582836524936,3.805828364767851
gp,soap,10,250,S_300K,R2,0.5748721152237195,0.0131731008196561,gp_soap_pca10_n250,0.0229148370060175,2.2914837002031523
gp,soap,10,250,S_300K,RMSE,8.332177177043647,0.1289664796491184,gp_soap_pca10_n250,0.0154781249736791,1.5478124973493348
gp,soap,10,250,S_300K,Spearman,0.8198497976161235,0.0077516937475767,gp_soap_pca10_n250,0.0094550169678839,0.9455016966730724
gp,soap,10,250,F_300K,R2,0.6282802682747495,0.0227969549374323,gp_soap_pca10_n250,0.036284690270526,3.628469026475081
gp,soap,10,250,F_300K,RMSE,3081.4579135138865,94.2899546750508,gp_soap_pca10_n250,0.0305991375905338,3.0599137590532863
gp,soap,10,250,F_300K,Spearman,0.84068470646749,0.0074167893880268,gp_soap_pca10_n250,0.0088223198673278,0.8822319866278405
gp,soap,10,250,max_phonon_freq,R2,0.5245084484307793,0.0620700467872975,gp_soap_pca10_n250,0.118339460447202,11.833946042464005
gp,soap,10,250,max_phonon_freq,RMSE,8.9797908640294,0.5746479568917692,gp_soap_pca10_n250,0.0639934677313758,6.3993467730663225
gp,soap,10,250,max_phonon_freq,Spearman,0.830490976071399,0.0113724599487535,gp_soap_pca10_n250,0.0136936586626749,1.3693658661026102
gp,mace,10,250,Cv_300K,R2,0.4065511183120995,0.0590243995519663,gp_mace_pca10_n250,0.1451832177882602,14.51832177525493
gp,mace,10,250,Cv_300K,RMSE,2.3735798431108495,0.1186348080920359,gp_mace_pca10_n250,0.049981385052778,4.998138505067232
gp,mace,10,250,Cv_300K,Spearman,0.7655877022208557,0.0420545827339336,gp_mace_pca10_n250,0.0549311105859453,5.493111057877029
gp,mace,10,250,S_300K,R2,0.7676257282869575,0.005564816744008,gp_mace_pca10_n250,0.0072493880011376,0.7249388000193233
gp,mace,10,250,S_300K,RMSE,6.1603764070063365,0.0731210195731062,gp_mace_pca10_n250,0.0118695700947662,1.1869570094573612
gp,mace,10,250,S_300K,Spearman,0.9316336023148446,0.0029824496409297,gp_mace_pca10_n250,0.0032013117963104,0.3201311795966815
gp,mace,10,250,F_300K,R2,0.7673732466206183,0.0211056335662938,gp_mace_pca10_n250,0.027503739098593,2.750373909500893
gp,mace,10,250,F_300K,RMSE,2432.750554130728,108.77022138958544,gp_mace_pca10_n250,0.0447107991425168,4.471079914251497
gp,mace,10,250,F_300K,Spearman,0.934239939937771,0.0071272784824044,gp_mace_pca10_n250,0.0076289593044792,0.7628959303662661
gp,mace,10,250,max_phonon_freq,R2,0.0403874631869997,0.1055641690554737,gp_mace_pca10_n250,2.613785584073369,261.3785577601594
gp,mace,10,250,max_phonon_freq,RMSE,12.69986058799302,0.7017796323163265,gp_mace_pca10_n250,0.0552588453592804,5.525884535884531
gp,mace,10,250,max_phonon_freq,Spearman,0.7318963096667821,0.0257451025710839,gp_mace_pca10_n250,0.0351758879380128,3.517588793320675
gp,orb,10,250,Cv_300K,R2,0.6479239588549982,0.051845539947648,gp_orb_pca10_n250,0.0800179392027247,8.001793919037487
gp,orb,10,250,Cv_300K,RMSE,1.8255386327409335,0.1348227863633819,gp_orb_pca10_n250,0.0738537021048707,7.385370210082515
gp,orb,10,250,Cv_300K,Spearman,0.8617937341104147,0.0190652454370445,gp_orb_pca10_n250,0.022122747801972,2.212274779940503
gp,orb,10,250,S_300K,R2,0.7912088376882727,0.0077386438466954,gp_orb_pca10_n250,0.0097807853983354,0.9780785397099244
gp,orb,10,250,S_300K,RMSE,5.838844580949858,0.1070355378781272,gp_orb_pca10_n250,0.018331629895981,1.8331629895667063
gp,orb,10,250,S_300K,Spearman,0.9406935370103928,0.0034882903576239,gp_orb_pca10_n250,0.0037082112509351,0.3708211250540929
gp,orb,10,250,F_300K,R2,0.8635417571245958,0.0035240878566107,gp_orb_pca10_n250,0.0040809698286567,0.4080969828184153
gp,orb,10,250,F_300K,RMSE,1864.941425659515,24.046215888484102,gp_orb_pca10_n250,0.0128938183031568,1.2893818303156168
gp,orb,10,250,F_300K,Spearman,0.955153297639255,0.0019511050681626,gp_orb_pca10_n250,0.0020427140575077,0.2042714057293897
gp,orb,10,250,max_phonon_freq,R2,0.709947892166393,0.0673922751642998,gp_orb_pca10_n250,0.094925664133819,9.492566412044823
gp,orb,10,250,max_phonon_freq,RMSE,6.945253878984954,0.8140586123935505,gp_orb_pca10_n250,0.1172107782635189,11.721077826183134
gp,orb,10,250,max_phonon_freq,Spearman,0.8685038174782018,0.0117205810293171,gp_orb_pca10_n250,0.0134951404857944,1.3495140484240595
gp,uma,10,250,Cv_300K,R2,0.4064466440338973,0.0731433295153654,gp_uma_pca10_n250,0.1799580106983619,17.9958010654086
gp,uma,10,250,Cv_300K,RMSE,2.371853505708726,0.1525147091844836,gp_uma_pca10_n250,0.064301909379058,6.430190937634698
gp,uma,10,250,Cv_300K,Spearman,0.6889684557370617,0.0441760042795436,gp_uma_pca10_n250,0.0641190520577374,6.4119052048430865
gp,uma,10,250,S_300K,R2,0.5201659066043761,0.0343365398742248,gp_uma_pca10_n250,0.0660107466449934,6.601074663230314
gp,uma,10,250,S_300K,RMSE,8.847764190315804,0.3037811851612521,gp_uma_pca10_n250,0.0343342316348972,3.4334231634509207
gp,uma,10,250,S_300K,Spearman,0.7579221447324962,0.0195369042324508,gp_uma_pca10_n250,0.025776927575254,2.5776927571853085
gp,uma,10,250,F_300K,R2,0.6193476171455856,0.0090650751688076,gp_uma_pca10_n250,0.0146364899417651,1.4636489939401978
gp,uma,10,250,F_300K,RMSE,3114.8344243519555,37.04786954815137,gp_uma_pca10_n250,0.0118940092797578,1.1894009279757471
gp,uma,10,250,F_300K,Spearman,0.7942348458927606,0.0076331952125534,gp_uma_pca10_n250,0.0096107533584393,0.9610753357229276
gp,uma,10,250,max_phonon_freq,R2,0.6019013502551873,0.0216491214867335,gp_uma_pca10_n250,0.0359678898835414,3.5967889877565753
gp,uma,10,250,max_phonon_freq,RMSE,8.189292436665976,0.2237400476370786,gp_uma_pca10_n250,0.0273210474979896,2.732104749765604
gp,uma,10,250,max_phonon_freq,Spearman,0.7927406517711834,0.0133129691649829,gp_uma_pca10_n250,0.016793599691448,1.679359968932966
mtgp_2,orb,25,250,Cv_300K,R2,0.7166504365164524,0.0312728906875021,mtgp_2_orb_pca25_n250,0.0436375799050869,4.36375798989978
mtgp_2,orb,25,250,Cv_300K,RMSE,1.6398476669202209,0.0870996923951696,mtgp_2_orb_pca25_n250,0.053114502128573,5.311450212533404
mtgp_2,orb,25,250,Cv_300K,Spearman,0.9047254327028256,0.0087160854983038,mtgp_2_orb_pca25_n250,0.009633956538908,0.96339565378432
mtgp_2,orb,25,250,S_300K,R2,0.7876743961737109,0.0305729627919486,mtgp_2_orb_pca25_n250,0.0388142142749123,3.8814214269984633
mtgp_2,orb,25,250,S_300K,RMSE,5.876007213662453,0.3916771858005011,mtgp_2_orb_pca25_n250,0.066657029434852,6.665702943371765
mtgp_2,orb,25,250,S_300K,Spearman,0.9411904639100516,0.0121967943719441,mtgp_2_orb_pca25_n250,0.0129589013484838,1.295890134710698
mtgp_2,orb,25,250,F_300K,R2,0.793247533633011,0.2418162974959749,mtgp_2_orb_pca25_n250,0.3048434281143937,30.48434280759639
mtgp_2,orb,25,250,F_300K,RMSE,2100.7752268073277,925.885526126059,mtgp_2_orb_pca25_n250,0.4407351697178864,44.07351697178654
mtgp_2,orb,25,250,F_300K,Spearman,0.9559832276425804,0.0229892874120911,mtgp_2_orb_pca25_n250,0.0240477936718428,2.40477936693273
mtgp_2,orb,25,250,max_phonon_freq,R2,0.7143597666650834,0.2412357408062545,mtgp_2_orb_pca25_n250,0.337695027160389,33.76950271131166
mtgp_2,orb,25,250,max_phonon_freq,RMSE,6.542824961737817,2.312335665812915,mtgp_2_orb_pca25_n250,0.3534154863282088,35.34154863228073
mtgp_2,orb,25,250,max_phonon_freq,Spearman,0.88233094092566,0.0322539322910376,mtgp_2_orb_pca25_n250,0.036555368054077,3.655536804993399
mtgp_2,mace,25,250,Cv_300K,R2,0.592500284286606,0.1479609620497939,mtgp_2_mace_pca25_n250,0.2497230228808157,24.972302283866835
mtgp_2,mace,25,250,Cv_300K,RMSE,1.945778538728856,0.3036297803562826,mtgp_2_mace_pca25_n250,0.1560453948446973,15.604539483667768
mtgp_2,mace,25,250,Cv_300K,Spearman,0.8575977009775222,0.0544900213945509,mtgp_2_mace_pca25_n250,0.0635379751280129,6.353797512060412
mtgp_2,mace,25,250,S_300K,R2,0.6865610804462101,0.1942249127865897,mtgp_2_mace_pca25_n250,0.2828953145150013,28.289531447379662
mtgp_2,mace,25,250,S_300K,RMSE,6.941751815787306,1.7345361553585208,mtgp_2_mace_pca25_n250,0.2498700906324172,24.987009062881764
mtgp_2,mace,25,250,S_300K,Spearman,0.9073492097054676,0.0648036407431842,mtgp_2_mace_pca25_n250,0.0714208378097557,7.142083780188431
mtgp_2,mace,25,250,F_300K,R2,0.7124514981351532,0.2515069273629366,mtgp_2_mace_pca25_n250,0.3530162095542753,35.30162095047258
mtgp_2,mace,25,250,F_300K,RMSE,2565.0450386270786,866.4362906778432,mtgp_2_mace_pca25_n250,0.3377859950332867,33.77859950332736
mtgp_2,mace,25,250,F_300K,Spearman,0.7817159309462145,0.4878668053983287,mtgp_2_mace_pca25_n250,0.6240973045129051,62.40973044330682
mtgp_2,mace,25,250,max_phonon_freq,R2,0.612373082632307,0.2216307770111714,mtgp_2_mace_pca25_n250,0.3619211609669122,36.19211609078107
mtgp_2,mace,25,250,max_phonon_freq,RMSE,7.872552361261351,1.8363233260173677,mtgp_2_mace_pca25_n250,0.2332564131365332,23.32564131335703
mtgp_2,mace,25,250,max_phonon_freq,Spearman,0.6967126391458487,0.4606021098243889,mtgp_2_mace_pca25_n250,0.6611077278418186,66.11077277469289
mtgp_2,soap,25,250,Cv_300K,R2,0.4844226815544004,0.0432957964123822,mtgp_2_soap_pca25_n250,0.0893760718912995,8.937607187284954
mtgp_2,soap,25,250,Cv_300K,RMSE,2.2218364144081675,0.0928941394936676,mtgp_2_soap_pca25_n250,0.041809621487553,4.180962148567131
mtgp_2,soap,25,250,Cv_300K,Spearman,0.8423421469647673,0.0159820731783556,mtgp_2_soap_pca25_n250,0.0189733746980893,1.8973374695836924
mtgp_2,soap,25,250,S_300K,R2,0.5782058812261102,0.0213641539509645,mtgp_2_soap_pca25_n250,0.0369490429700592,3.694904296366893
mtgp_2,soap,25,250,S_300K,RMSE,8.297771487142496,0.2103538310212098,mtgp_2_soap_pca25_n250,0.0253506415966209,2.5350641596315433
mtgp_2,soap,25,250,S_300K,Spearman,0.826206592161536,0.012784963823904,mtgp_2_soap_pca25_n250,0.0154742941356298,1.5474294133756945
mtgp_2,soap,25,250,F_300K,R2,0.6250532419188528,0.0273214310622223,mtgp_2_soap_pca25_n250,0.0437105661244923,4.371056611749921
mtgp_2,soap,25,250,F_300K,RMSE,3094.2171654832505,112.26511314403196,mtgp_2_soap_pca25_n250,0.0362822346137746,3.628223461377344
mtgp_2,soap,25,250,F_300K,Spearman,0.8675840568039537,0.006894322549271,mtgp_2_soap_pca25_n250,0.0079465758910653,0.7946575890149441
mtgp_2,soap,25,250,max_phonon_freq,R2,0.4928885297580224,0.0437180481483633,mtgp_2_soap_pca25_n250,0.0886976375161867,8.869763749819128
mtgp_2,soap,25,250,max_phonon_freq,RMSE,9.283896371524428,0.400478437477199,mtgp_2_soap_pca25_n250,0.0431368922541559,4.313689225369136
mtgp_2,soap,25,250,max_phonon_freq,Spearman,0.8746420028848446,0.0078513605589152,mtgp_2_soap_pca25_n250,0.008976656201073,0.8976656200046735
mtgp_2,uma,25,250,Cv_300K,R2,0.631963824535604,0.0189693503283993,mtgp_2_uma_pca25_n250,0.0300165129583783,3.0016512953628633
mtgp_2,uma,25,250,Cv_300K,RMSE,1.8709283573319753,0.0478635513315666,mtgp_2_uma_pca25_n250,0.0255827814806453,2.5582781479277923
mtgp_2,uma,25,250,Cv_300K,Spearman,0.8296442799160311,0.0169168483481592,mtgp_2_uma_pca25_n250,0.0203904839190494,2.0390483916591724
mtgp_2,uma,25,250,S_300K,R2,0.6366612168538366,0.0086709668746517,mtgp_2_uma_pca25_n250,0.0136194362796287,1.3619436277489507
mtgp_2,uma,25,250,S_300K,RMSE,7.703161363633829,0.0915994872417034,mtgp_2_uma_pca25_n250,0.0118911551917033,1.1891155191549023
mtgp_2,uma,25,250,S_300K,Spearman,0.8423459966606662,0.0056482621249821,mtgp_2_uma_pca25_n250,0.0067053943953834,0.6705394394587391
mtgp_2,uma,25,250,F_300K,R2,0.7305614813523654,0.0136476292285172,mtgp_2_uma_pca25_n250,0.0186810139555313,1.868101395297428
mtgp_2,uma,25,250,F_300K,RMSE,2619.9418021017063,66.44037485385584,mtgp_2_uma_pca25_n250,0.0253594850086202,2.535948500861932
mtgp_2,uma,25,250,F_300K,Spearman,0.8692773029419223,0.0082827249023125,mtgp_2_uma_pca25_n250,0.0095282884693768,0.9528288468280706
mtgp_2,uma,25,250,max_phonon_freq,R2,0.6819556940301854,0.0288631651607246,mtgp_2_uma_pca25_n250,0.0423241061162648,4.2324106110058555
mtgp_2,uma,25,250,max_phonon_freq,RMSE,7.315008012195466,0.3302171653103317,mtgp_2_uma_pca25_n250,0.0451424201805109,4.51424201798938
mtgp_2,uma,25,250,max_phonon_freq,Spearman,0.8147069050118783,0.01506695347034,mtgp_2_uma_pca25_n250,0.0184937102872846,1.8493710285014655
mtgp_2,orb,50,250,Cv_300K,R2,0.7306905671705001,0.0228275983153255,mtgp_2_orb_pca50_n250,0.0312411290646905,3.1241129060414945
mtgp_2,orb,50,250,Cv_300K,RMSE,1.5994881793881108,0.0685707160631477,mtgp_2_orb_pca50_n250,0.0428704112645456,4.28704112618654
mtgp_2,orb,50,250,Cv_300K,Spearman,0.9096002198222466,0.0123407220606045,mtgp_2_orb_pca50_n250,0.0135671933577765,1.3567193356285023
mtgp_2,orb,50,250,S_300K,R2,0.7977129060087331,0.0243639766739822,mtgp_2_orb_pca50_n250,0.03054228719438,3.0542287190551285
mtgp_2,orb,50,250,S_300K,RMSE,5.73898754043189,0.3243796485650882,mtgp_2_orb_pca50_n250,0.0565221036428102,5.652210364182541
mtgp_2,orb,50,250,S_300K,Spearman,0.945225496713944,0.0143242307622955,mtgp_2_orb_pca50_n250,0.0151543000184541,1.515430001685095
mtgp_2,orb,50,250,F_300K,R2,0.8695935311949826,0.0220295391216874,mtgp_2_orb_pca50_n250,0.0253331451205883,2.533314511767517
mtgp_2,orb,50,250,F_300K,RMSE,1817.7261539222964,142.07369926219604,mtgp_2_orb_pca50_n250,0.0781601227201517,7.81601227201474
mtgp_2,orb,50,250,F_300K,Spearman,0.9639017796335309,0.00936346768094,mtgp_2_orb_pca50_n250,0.0097141305045623,0.9714130503554538
mtgp_2,orb,50,250,max_phonon_freq,R2,0.828297382333664,0.0468591101778166,mtgp_2_orb_pca50_n250,0.0565728096903972,5.657280968356726
mtgp_2,orb,50,250,max_phonon_freq,RMSE,5.3344764731411525,0.7002321250850072,mtgp_2_orb_pca50_n250,0.131265388198944,13.126538819648331
mtgp_2,orb,50,250,max_phonon_freq,Spearman,0.903842014204668,0.0240984859462463,mtgp_2_orb_pca50_n250,0.0266622767779296,2.6662276774979787
mtgp_2,mace,50,250,Cv_300K,R2,0.597096484406506,0.1227708521029056,mtgp_2_mace_pca50_n250,0.2056130881844594,20.56130881500239
mtgp_2,mace,50,250,Cv_300K,RMSE,1.940865755824976,0.2598893089512284,mtgp_2_mace_pca50_n250,0.1339038046146375,13.390380460773835
mtgp_2,mace,50,250,Cv_300K,Spearman,0.8485832957536994,0.0551309315572831,mtgp_2_mace_pca50_n250,0.064968202689303,6.496820268164692
mtgp_2,mace,50,250,S_300K,R2,0.7294965820982025,0.1051730290887524,mtgp_2_mace_pca50_n250,0.1441720655993345,14.417206557957131
mtgp_2,mace,50,250,S_300K,RMSE,6.558445689278594,1.08181263792295,mtgp_2_mace_pca50_n250,0.1649495458491698,16.494954584665482
mtgp_2,mace,50,250,S_300K,Spearman,0.9192049008894332,0.0556737100344797,mtgp_2_mace_pca50_n250,0.0605672467374893,6.056724673090021
mtgp_2,mace,50,250,F_300K,R2,0.6828454374498265,0.2623239764483653,mtgp_2_mace_pca50_n250,0.384163036115534,38.41630360592748
mtgp_2,mace,50,250,F_300K,RMSE,2677.403413407164,957.2850415083292,mtgp_2_mace_pca50_n250,0.3575423250432492,35.75423250432358
mtgp_2,mace,50,250,F_300K,Spearman,0.7796531159614571,0.4727758238315033,mtgp_2_mace_pca50_n250,0.6063925278468013,60.63925277690241
mtgp_2,mace,50,250,max_phonon_freq,R2,0.5955720794096295,0.2352009749781635,mtgp_2_mace_pca50_n250,0.394916053169098,39.49160531027893
mtgp_2,mace,50,250,max_phonon_freq,RMSE,7.974288158659023,2.1429737160489073,mtgp_2_mace_pca50_n250,0.2687354248318605,26.87354248284905
mtgp_2,mace,50,250,max_phonon_freq,Spearman,0.6814908460767606,0.5137607711688774,mtgp_2_mace_pca50_n250,0.7538777286980746,75.38777285874528
mtgp_2,soap,50,250,Cv_300K,R2,0.4281927256046588,0.0278551176054228,mtgp_2_soap_pca50_n250,0.0650527576480615,6.505275763286917
mtgp_2,soap,50,250,Cv_300K,RMSE,2.3412069876561907,0.0571728057038568,mtgp_2_soap_pca50_n250,0.0244202268339772,2.4420226832934206
mtgp_2,soap,50,250,Cv_300K,Spearman,0.8254032673579241,0.02008617175667,mtgp_2_soap_pca50_n250,0.0243349797014553,2.4334979698507087
mtgp_2,soap,50,250,S_300K,R2,0.5739682870854937,0.0186351442560477,mtgp_2_soap_pca50_n250,0.0324672018913685,3.2467201885711914
mtgp_2,soap,50,250,S_300K,RMSE,8.340023101542625,0.1829148316593967,mtgp_2_soap_pca50_n250,0.0219321732604749,2.1932173260211996
mtgp_2,soap,50,250,S_300K,Spearman,0.8317871399290689,0.0097305753884299,mtgp_2_soap_pca50_n250,0.011698396045483,1.169839604407666
mtgp_2,soap,50,250,F_300K,R2,0.6022830880414849,0.0177100199706922,mtgp_2_soap_pca50_n250,0.0294048103330976,2.94048103282154
mtgp_2,soap,50,250,F_300K,RMSE,3188.101009723266,70.64949466462059,mtgp_2_soap_pca50_n250,0.0221603689623225,2.2160368962321835
mtgp_2,soap,50,250,F_300K,Spearman,0.8696058939473266,0.0078597577160045,mtgp_2_soap_pca50_n250,0.0090382985795178,0.9038298578478527
mtgp_2,soap,50,250,max_phonon_freq,R2,0.4803344271444288,0.0317117000536574,mtgp_2_soap_pca50_n250,0.0660200440809174,6.602004406717281
mtgp_2,soap,50,250,max_phonon_freq,RMSE,9.402560610750054,0.2840522302828416,mtgp_2_soap_pca50_n250,0.0302100929780852,3.0210092977764
mtgp_2,soap,50,250,max_phonon_freq,Spearman,0.8567552977813712,0.0124459724203659,mtgp_2_soap_pca50_n250,0.0145268695187478,1.4526869517052237
mtgp_2,uma,50,250,Cv_300K,R2,0.6584649991101299,0.0166913575005932,mtgp_2_uma_pca50_n250,0.0253488910164555,2.534889101260588
mtgp_2,uma,50,250,Cv_300K,RMSE,1.8023614913980952,0.0440526644415135,mtgp_2_uma_pca50_n250,0.0244416365150709,2.44416365137149
mtgp_2,uma,50,250,Cv_300K,Spearman,0.8190513383390374,0.0086534625514584,mtgp_2_uma_pca50_n250,0.0105652260687429,1.0565226067453015
mtgp_2,uma,50,250,S_300K,R2,0.6617526210255014,0.0082533064147479,mtgp_2_uma_pca50_n250,0.0124718907829302,1.2471890781045596
mtgp_2,uma,50,250,S_300K,RMSE,7.432391258313174,0.090895820534519,mtgp_2_uma_pca50_n250,0.0122296872400052,1.222968723984068
mtgp_2,uma,50,250,S_300K,Spearman,0.8629019149002126,0.005219575354246,mtgp_2_uma_pca50_n250,0.006048862870874,0.6048862870173042
mtgp_2,uma,50,250,F_300K,R2,0.6664689533522756,0.2239070792424918,mtgp_2_uma_pca50_n250,0.3359602545868947,33.59602545364858
mtgp_2,uma,50,250,F_300K,RMSE,2817.917736778361,749.460870092322,mtgp_2_uma_pca50_n250,0.2659626504743739,26.596265047436447
mtgp_2,uma,50,250,F_300K,Spearman,0.7080361888040209,0.5195266568769359,mtgp_2_uma_pca50_n250,0.7337572077417317,73.3757207638099
mtgp_2,uma,50,250,max_phonon_freq,R2,0.6011199692063489,0.2048741454989532,mtgp_2_uma_pca50_n250,0.3408207279645791,34.082072790788146
mtgp_2,uma,50,250,max_phonon_freq,RMSE,8.018653523451942,1.7168276542867584,mtgp_2_uma_pca50_n250,0.2141042319967558,21.41042319940858
mtgp_2,uma,50,250,max_phonon_freq,Spearman,0.653111191456799,0.4957419455066258,mtgp_2_uma_pca50_n250,0.7590467779320199,75.90467778157998
mtgp_2,orb,10,250,Cv_300K,R2,0.6872681454271475,0.0342260665550176,mtgp_2_orb_pca10_n250,0.0498001642921273,4.980016428488121
mtgp_2,orb,10,250,Cv_300K,RMSE,1.722726212925889,0.0923983805167034,mtgp_2_orb_pca10_n250,0.0536349768311549,5.36349768280416
mtgp_2,orb,10,250,Cv_300K,Spearman,0.884244647627183,0.0167626578469455,mtgp_2_orb_pca10_n250,0.0189570362590569,1.8957036256913031
mtgp_2,orb,10,250,S_300K,R2,0.76286312989639,0.0138673122020444,mtgp_2_orb_pca10_n250,0.0181779819453691,1.8177981942986312
mtgp_2,orb,10,250,S_300K,RMSE,6.220883322564305,0.1846858611589518,mtgp_2_orb_pca10_n250,0.0296880445400835,2.968804453960628
mtgp_2,orb,10,250,S_300K,Spearman,0.9279524918613878,0.0065746119761957,mtgp_2_orb_pca10_n250,0.0070850738953323,0.7085073894568807
mtgp_2,orb,10,250,F_300K,R2,0.8251344895681232,0.0423366289399444,mtgp_2_orb_pca10_n250,0.0513087617536184,5.130876174740022
mtgp_2,orb,10,250,F_300K,RMSE,2098.6215939531376,231.18767001200325,mtgp_2_orb_pca10_n250,0.1101616750147505,11.016167501474524
mtgp_2,orb,10,250,F_300K,Spearman,0.9427620052402228,0.0071779899598472,mtgp_2_orb_pca10_n250,0.007613787912484,0.7613787911676411
mtgp_2,orb,10,250,max_phonon_freq,R2,0.7234434545607631,0.0584952431716203,mtgp_2_orb_pca10_n250,0.0808566900465435,8.085669003536685
mtgp_2,orb,10,250,max_phonon_freq,RMSE,6.79001403806515,0.720947458146911,mtgp_2_orb_pca10_n250,0.1061776093694717,10.617760936790802
mtgp_2,orb,10,250,max_phonon_freq,Spearman,0.8596765990307331,0.017557440166467,mtgp_2_orb_pca10_n250,0.0204233082373797,2.0423308235004076
mtgp_2,mace,10,250,Cv_300K,R2,0.5197269674225279,0.0464781940648585,mtgp_2_mace_pca10_n250,0.0894280977863375,8.942809776913082
mtgp_2,mace,10,250,Cv_300K,RMSE,2.1355372071170007,0.1015983567123326,mtgp_2_mace_pca10_n250,0.0475750815175407,4.7575081515312965
mtgp_2,mace,10,250,Cv_300K,Spearman,0.8249199068133228,0.0257273304133622,mtgp_2_mace_pca10_n250,0.0311876707070232,3.1187670703242536
mtgp_2,mace,10,250,S_300K,R2,0.6827368454879309,0.0188550546570567,mtgp_2_mace_pca10_n250,0.0276168699282394,2.7616869924194423
mtgp_2,mace,10,250,S_300K,RMSE,7.195566079628902,0.2121466746734377,mtgp_2_mace_pca10_n250,0.0294829721978425,2.9482972197432797
mtgp_2,mace,10,250,S_300K,Spearman,0.8906180473575608,0.0078063942559372,mtgp_2_mace_pca10_n250,0.0087651426771538,0.8765142676169704
mtgp_2,mace,10,250,F_300K,R2,0.6709841106996846,0.0337417682784468,mtgp_2_mace_pca10_n250,0.0502869855491239,5.02869855416294
mtgp_2,mace,10,250,F_300K,RMSE,2892.221332662513,149.35738865439126,mtgp_2_mace_pca10_n250,0.0516410645920021,5.164106459200032
mtgp_2,mace,10,250,F_300K,Spearman,0.9025548234394248,0.0091631910622328,mtgp_2_mace_pca10_n250,0.0101525035646189,1.01525035634941
mtgp_2,mace,10,250,max_phonon_freq,R2,0.2654438223802443,0.1026531423287018,mtgp_2_mace_pca10_n250,0.3867226647363928,38.67226645907037
mtgp_2,mace,10,250,max_phonon_freq,RMSE,11.100984304885705,0.7780408764029523,mtgp_2_mace_pca10_n250,0.0700875575565425,7.008755755591118
mtgp_2,mace,10,250,max_phonon_freq,Spearman,0.769128514880946,0.047761743524615,mtgp_2_mace_pca10_n250,0.0620985213791066,6.2098521371032795
mtgp_2,soap,10,250,Cv_300K,R2,0.5499572170468857,0.0423200218010689,mtgp_2_soap_pca10_n250,0.076951480022965,7.695148000897281
mtgp_2,soap,10,250,Cv_300K,RMSE,2.0755495827399124,0.0932868402087148,mtgp_2_soap_pca10_n250,0.0449456090976963,4.494560909553083
mtgp_2,soap,10,250,Cv_300K,Spearman,0.8449885925840656,0.0097618453248905,mtgp_2_soap_pca10_n250,0.0115526356338583,1.1552635632491166
mtgp_2,soap,10,250,S_300K,R2,0.5786214154378476,0.0157887298997868,mtgp_2_soap_pca10_n250,0.0272868052901901,2.7286805285474363
mtgp_2,soap,10,250,S_300K,RMSE,8.294949422149454,0.1523145586690182,mtgp_2_soap_pca10_n250,0.0183623251833582,1.836232518313692
mtgp_2,soap,10,250,S_300K,Spearman,0.8200290946959701,0.00658208016313,mtgp_2_soap_pca10_n250,0.0080266422322129,0.8026642231234093
mtgp_2,soap,10,250,F_300K,R2,0.635006208092169,0.021590783809953,mtgp_2_soap_pca10_n250,0.0340009019357794,3.400090193042503
mtgp_2,soap,10,250,F_300K,RMSE,3053.587857033559,88.90019306052267,mtgp_2_soap_pca10_n250,0.0291133568846732,2.911335688467232
mtgp_2,soap,10,250,F_300K,Spearman,0.8340388233594925,0.0099554005942801,mtgp_2_soap_pca10_n250,0.0119363755204822,1.193637551905114
mtgp_2,soap,10,250,max_phonon_freq,R2,0.549552236068268,0.0510552035222418,mtgp_2_soap_pca10_n250,0.0929032768340869,9.290327681718168
mtgp_2,soap,10,250,max_phonon_freq,RMSE,8.744660426365233,0.4830253909730565,mtgp_2_soap_pca10_n250,0.055236609247482,5.523660924685044
mtgp_2,soap,10,250,max_phonon_freq,Spearman,0.822146647212372,0.0198698404093593,mtgp_2_soap_pca10_n250,0.024168243556951,2.416824355401138
mtgp_2,uma,10,250,Cv_300K,R2,0.5385512804981948,0.0088793619021277,mtgp_2_uma_pca10_n250,0.0164874956641338,1.6487495661072358
mtgp_2,uma,10,250,Cv_300K,RMSE,2.095538041946848,0.0201857752432791,mtgp_2_uma_pca10_n250,0.0096327410141051,0.963274101364552
mtgp_2,uma,10,250,Cv_300K,Spearman,0.795445266160585,0.0133911846654528,mtgp_2_uma_pca10_n250,0.0168348285358321,1.6834828533715729
mtgp_2,uma,10,250,S_300K,R2,0.5247387553767844,0.0090755332951128,mtgp_2_uma_pca10_n250,0.0172953363976254,1.7295336394329508
mtgp_2,uma,10,250,S_300K,RMSE,8.810291112452225,0.0840477303737423,mtgp_2_uma_pca10_n250,0.0095397222748918,0.9539722274783584
mtgp_2,uma,10,250,S_300K,Spearman,0.7628297968921995,0.0041303133550155,mtgp_2_uma_pca10_n250,0.0054144625339001,0.5414462533190395
mtgp_2,uma,10,250,F_300K,R2,0.5958279846720478,0.0069595646879258,mtgp_2_uma_pca10_n250,0.0116804931405772,1.1680493138616834
mtgp_2,uma,10,250,F_300K,RMSE,3209.72958826473,27.621779616161486,mtgp_2_uma_pca10_n250,0.0086056407110278,0.860564071102754
mtgp_2,uma,10,250,F_300K,Spearman,0.7892009196001021,0.0050062574172568,mtgp_2_uma_pca10_n250,0.0063434510692074,0.6343451068403706
mtgp_2,uma,10,250,max_phonon_freq,R2,0.5972344371029089,0.0258968787431202,mtgp_2_uma_pca10_n250,0.0433613287082739,4.33613287010136
mtgp_2,uma,10,250,max_phonon_freq,RMSE,8.236028519160701,0.2630380437786509,mtgp_2_uma_pca10_n250,0.0319374857878049,3.193748578741715
mtgp_2,uma,10,250,max_phonon_freq,Spearman,0.7847048498560942,0.013181518415675,mtgp_2_uma_pca10_n250,0.0167980590639809,1.6798059061840298
dgp,orb,25,250,Cv_300K,R2,0.7544343207429252,0.0190222218674508,dgp_orb_pca25_n250,0.025213887205872,2.5213887202529945
dgp,orb,25,250,Cv_300K,RMSE,1.5276664450033812,0.0576732942772102,dgp_orb_pca25_n250,0.037752543734822,3.7752543732350743
dgp,orb,25,250,Cv_300K,Spearman,0.9275541786615752,0.0117069496729457,dgp_orb_pca25_n250,0.0126213109080467,1.262131090668606
dgp,orb,25,250,S_300K,R2,0.7908267753056976,0.017011901827781,dgp_orb_pca25_n250,0.0215115400224087,2.151154001968866
dgp,orb,25,250,S_300K,RMSE,5.840522340390949,0.2329523596017894,dgp_orb_pca25_n250,0.0398855352355687,3.988553523488579
dgp,orb,25,250,S_300K,Spearman,0.9414773919419324,0.0097280384430073,dgp_orb_pca25_n250,0.0103327371706099,1.033273716951243
dgp,orb,25,250,F_300K,R2,0.866937333788764,0.0148752612699792,dgp_orb_pca25_n250,0.0171584042931569,1.715840429117779
dgp,orb,25,250,F_300K,RMSE,1839.0083597969904,100.3651958321897,dgp_orb_pca25_n250,0.054575714839746,5.457571483974311
dgp,orb,25,250,F_300K,Spearman,0.9583742155971352,0.0087237007897365,dgp_orb_pca25_n250,0.0091026038135855,0.9102603812635708
dgp,orb,25,250,max_phonon_freq,R2,0.8158442079392234,0.0222779206561876,dgp_orb_pca25_n250,0.0273065867715851,2.730658676823816
dgp,orb,25,250,max_phonon_freq,RMSE,5.561796249129607,0.3359164514898718,dgp_orb_pca25_n250,0.0603971156876595,6.039711568657362
dgp,orb,25,250,max_phonon_freq,Spearman,0.9124390325821146,0.0220610425227584,dgp_orb_pca25_n250,0.0241781003825842,2.417810037993439
dgp,mace,25,250,Cv_300K,R2,0.5618851175769093,0.1916170954552867,dgp_mace_pca25_n250,0.3410253972940628,34.102539723336974
dgp,mace,25,250,Cv_300K,RMSE,2.0088872315872344,0.366042462771161,dgp_mace_pca25_n250,0.1822115532497802,18.221155324071
dgp,mace,25,250,Cv_300K,Spearman,0.811797154021906,0.2768449002186751,dgp_mace_pca25_n250,0.341027187453289,34.102718741128015
dgp,mace,25,250,S_300K,R2,0.6683617733959711,0.2238912090374822,dgp_mace_pca25_n250,0.3349850604110444,33.498506036092415
dgp,mace,25,250,S_300K,RMSE,7.110923252926588,1.8984060740669304,dgp_mace_pca25_n250,0.2669704068716559,26.697040686790157
dgp,mace,25,250,S_300K,Spearman,0.8321255665917295,0.2750255977439519,dgp_mace_pca25_n250,0.3305097316867915,33.05097316470728
dgp,mace,25,250,F_300K,R2,0.6967798532146426,0.2343619773705825,dgp_mace_pca25_n250,0.336350105832333,33.635010578406096
dgp,mace,25,250,F_300K,RMSE,2661.8914293129774,802.4976497461454,dgp_mace_pca25_n250,0.3014764768047908,30.147647680477952
dgp,mace,25,250,F_300K,Spearman,0.8421904105989345,0.2895296549779159,dgp_mace_pca25_n250,0.3437817046290199,34.378170458819994
dgp,mace,25,250,max_phonon_freq,R2,0.4436096509458499,0.156339743467519,dgp_mace_pca25_n250,0.35242638011634,35.24263800368948
dgp,mace,25,250,max_phonon_freq,RMSE,9.609188320815171,1.2100071347859165,dgp_mace_pca25_n250,0.1259218879252091,12.59218879238987
dgp,mace,25,250,max_phonon_freq,Spearman,0.7768857223650802,0.2650161226856341,dgp_mace_pca25_n250,0.3411262622755418,34.11262622316323
dgp,soap,25,250,Cv_300K,R2,0.5845478532100279,0.0125015504898003,dgp_soap_pca25_n250,0.0213867015696805,2.1386701566021875
dgp,soap,25,250,Cv_300K,RMSE,1.9959781248837267,0.0300327103872902,dgp_soap_pca25_n250,0.0150466129928351,1.5046612992081294
dgp,soap,25,250,Cv_300K,Spearman,0.8533334430412969,0.0037049360513047,dgp_soap_pca25_n250,0.0043417213769335,0.4341721376424747
dgp,soap,25,250,S_300K,R2,0.6038433936383787,0.0038591988154108,dgp_soap_pca25_n250,0.0063910590992106,0.6391059098152255
dgp,soap,25,250,S_300K,RMSE,8.044128571827482,0.0392299123621148,dgp_soap_pca25_n250,0.0048768380579479,0.487683805788733
dgp,soap,25,250,S_300K,Spearman,0.8325742998856309,0.0018486021636309,dgp_soap_pca25_n250,0.0022203449756794,0.222034497541277
dgp,soap,25,250,F_300K,R2,0.663759035325599,0.0095386388911315,dgp_soap_pca25_n250,0.0143706351002098,1.437063509804484
dgp,soap,25,250,F_300K,RMSE,2931.792281434103,41.62555908805668,dgp_soap_pca25_n250,0.0141979905437554,1.419799054375499
dgp,soap,25,250,F_300K,Spearman,0.8574577075752703,0.0026879815535189,dgp_soap_pca25_n250,0.0031348269772045,0.3134826976838922
dgp,soap,25,250,max_phonon_freq,R2,0.5585380311076916,0.0313320784389275,dgp_soap_pca25_n250,0.0560965891199741,5.609658910993065
dgp,soap,25,250,max_phonon_freq,RMSE,8.6648212677666,0.3052337495615346,dgp_soap_pca25_n250,0.0352267796563806,3.522677965597407
dgp,soap,25,250,max_phonon_freq,Spearman,0.8299601361499029,0.0107332150739089,dgp_soap_pca25_n250,0.01293220554387,1.293220554231186
dgp,uma,25,250,Cv_300K,R2,0.6782170841470184,0.0177536470315221,dgp_uma_pca25_n250,0.0261769386919094,2.6176938688049787
dgp,uma,25,250,Cv_300K,RMSE,1.749341912163251,0.0476072788320878,dgp_uma_pca25_n250,0.0272143933104628,2.721439330890711
dgp,uma,25,250,Cv_300K,Spearman,0.8530084640676069,0.0069238647250178,dgp_uma_pca25_n250,0.0081169941643967,0.8116994163445178
dgp,uma,25,250,S_300K,R2,0.6624222222454159,0.009819997071564,dgp_uma_pca25_n250,0.0148243774767656,1.4824377474527757
dgp,uma,25,250,S_300K,RMSE,7.424797137832123,0.1082492628687983,dgp_uma_pca25_n250,0.0145794236339775,1.4579423633781157
dgp,uma,25,250,S_300K,Spearman,0.8599898292433142,0.0056799387172172,dgp_uma_pca25_n250,0.006604658013473,0.6604658012705087
dgp,uma,25,250,F_300K,R2,0.7546114910734147,0.0093903603995027,dgp_uma_pca25_n250,0.0124439668764454,1.2443966874796415
dgp,uma,25,250,F_300K,RMSE,2500.6428823381634,47.04514269542591,dgp_uma_pca25_n250,0.0188132192036303,1.8813219203629603
dgp,uma,25,250,F_300K,Spearman,0.8782997458110827,0.0046995357890702,dgp_uma_pca25_n250,0.0053507197417327,0.5350719741123517
dgp,uma,25,250,max_phonon_freq,R2,0.7140382201320377,0.0187385067154079,dgp_uma_pca25_n250,0.026243002387103,2.624300238342779
dgp,uma,25,250,max_phonon_freq,RMSE,6.939539689907666,0.229024937139757,dgp_uma_pca25_n250,0.0330029003901848,3.3002900389709273
dgp,uma,25,250,max_phonon_freq,Spearman,0.8462119686013297,0.0115065189685478,dgp_uma_pca25_n250,0.013597679299628,1.3597679298021157
dgp,orb,50,250,Cv_300K,R2,-0.0118174751783646,0.0001150200534816,dgp_orb_pca50_n250,,0.9733047945712938
dgp,orb,50,250,Cv_300K,RMSE,3.1031663845570887,0.00017637643031,dgp_orb_pca50_n250,5.683756797177796e-05,0.0056837567969946
dgp,orb,50,250,Cv_300K,Spearman,0.0025068854340983,0.0122423332772878,dgp_orb_pca50_n250,4.8834833498050285,488.3483155002222
dgp,orb,50,250,S_300K,R2,-0.0029300579737452,6.573178400473538e-05,dgp_orb_pca50_n250,,2.243361133136758
dgp,orb,50,250,S_300K,RMSE,12.799091462887166,0.0004194346082934,dgp_orb_pca50_n250,3.277065481636817e-05,0.0032770654816112
dgp,orb,50,250,S_300K,Spearman,0.0052341677371297,0.011736069055144,dgp_orb_pca50_n250,2.242203468546042,224.22034257082203
dgp,orb,50,250,F_300K,R2,-0.0049328942875482,0.000222561496192,dgp_orb_pca50_n250,,4.5117831177127625
dgp,orb,50,250,F_300K,RMSE,5061.391540407676,0.5605123775257497,dgp_orb_pca50_n250,0.000110742742001,0.0110742742001064
dgp,orb,50,250,F_300K,Spearman,-0.0023004100778233,0.0134033376460412,dgp_orb_pca50_n250,,582.6499019719927
dgp,orb,50,250,max_phonon_freq,R2,-0.0027055732595095,0.0001790130547678,dgp_orb_pca50_n250,,6.616455404493402
dgp,orb,50,250,max_phonon_freq,RMSE,13.001688809290648,0.0011605948745212,dgp_orb_pca50_n250,8.926493254413773e-05,0.0089264932543451
dgp,orb,50,250,max_phonon_freq,Spearman,0.0059556494172943,0.0132162819994295,dgp_orb_pca50_n250,2.2191168541673103,221.91168169066077
dgp,mace,50,250,Cv_300K,R2,-0.0129297204039089,0.0023770307937605,dgp_mace_pca50_n250,,18.38423957456682
dgp,mace,50,250,Cv_300K,RMSE,3.1048693737102906,0.0036391529249439,dgp_mace_pca50_n250,0.0011720792364914,0.1172079236453654
dgp,mace,50,250,Cv_300K,Spearman,0.0003587378620819,0.0198457636794946,dgp_mace_pca50_n250,55.321073622732925,5532.105820170715
dgp,mace,50,250,S_300K,R2,-0.004737198128705,0.0045157351290154,dgp_mace_pca50_n250,,95.32501936803811
dgp,mace,50,250,S_300K,RMSE,12.810585208982651,0.0287051971216755,dgp_mace_pca50_n250,0.002240740501187,0.2240740501169582
dgp,mace,50,250,S_300K,Spearman,0.001523521458169,0.0162689540039444,dgp_mace_pca50_n250,10.678519765318416,1067.85190644081
dgp,mace,50,250,F_300K,R2,-0.0058236409483052,0.0025622332367591,dgp_mace_pca50_n250,,43.99710104908961
dgp,mace,50,250,F_300K,RMSE,5063.630124646487,6.438694216547772,dgp_mace_pca50_n250,0.0012715569775146,0.1271556977514655
dgp,mace,50,250,F_300K,Spearman,0.0144259955139994,0.0175359751008516,dgp_mace_pca50_n250,1.215581627197526,121.55816187711986
dgp,mace,50,250,max_phonon_freq,R2,-0.004856292867787,0.0044817806664722,dgp_mace_pca50_n250,,92.28810321372632
dgp,mace,50,250,max_phonon_freq,RMSE,13.01559295947872,0.0289518947593432,dgp_mace_pca50_n250,0.0022244007514278,0.2224400751410736
dgp,mace,50,250,max_phonon_freq,Spearman,-0.0160687823187535,0.008544233021365,dgp_mace_pca50_n250,,53.17287146407076
dgp,soap,50,250,Cv_300K,R2,-0.0116130043690786,0.0020388255012645,dgp_soap_pca50_n250,,17.556399867865245
dgp,soap,50,250,Cv_300K,RMSE,3.114952380960265,0.003136524719359,dgp_soap_pca50_n250,0.0010069254151461,0.1006925415113855
dgp,soap,50,250,Cv_300K,Spearman,-0.0007755181496059,0.0136292477692332,dgp_soap_pca50_n250,,1757.4374008811862
dgp,soap,50,250,S_300K,R2,-0.0039019157008911,0.0047137152743687,dgp_soap_pca50_n250,,120.8051509797368
dgp,soap,50,250,S_300K,RMSE,12.80545954114498,0.0299739960402278,dgp_soap_pca50_n250,0.0023407200611519,0.2340720061133678
dgp,soap,50,250,S_300K,Spearman,-0.0030238265102689,0.0087211964734613,dgp_soap_pca50_n250,,288.4158914351822
dgp,soap,50,250,F_300K,R2,-0.0046875021452835,0.0014513666711309,dgp_soap_pca50_n250,,30.962474153292305
dgp,soap,50,250,F_300K,RMSE,5068.3551729769915,3.659311614795749,dgp_soap_pca50_n250,0.0007219919460866,0.0721991946086586
dgp,soap,50,250,F_300K,Spearman,0.0056323264735828,0.0130299552226091,dgp_soap_pca50_n250,2.3134232867578373,231.34232456838112
dgp,soap,50,250,max_phonon_freq,R2,-0.0057140377114675,0.009247727275284,dgp_soap_pca50_n250,,161.84224851863493
dgp,soap,50,250,max_phonon_freq,RMSE,13.08624291623357,0.0598087910037419,dgp_soap_pca50_n250,0.0045703561661344,0.4570356166099567
dgp,soap,50,250,max_phonon_freq,Spearman,-0.0022405574471457,0.0191585461917467,dgp_soap_pca50_n250,,855.0794071838606
dgp,uma,50,250,Cv_300K,R2,-0.0118167645093413,0.0001143295301502,dgp_uma_pca50_n250,,0.9675197393694468
dgp,uma,50,250,Cv_300K,RMSE,3.103165294833246,0.0001753180845032,dgp_uma_pca50_n250,5.649653429519326e-05,0.0056496534293372
dgp,uma,50,250,Cv_300K,Spearman,0.0021424329936036,0.012117758621738,dgp_uma_pca50_n250,5.656073565855506,565.6073301853163
dgp,uma,50,250,S_300K,R2,-0.0029301562581945,6.547024552975622e-05,dgp_uma_pca50_n250,,2.2343601339451244
dgp,uma,50,250,S_300K,RMSE,12.799092090080013,0.0004177656186276,dgp_uma_pca50_n250,3.2640254143603744e-05,0.0032640254143348
dgp,uma,50,250,S_300K,Spearman,0.005273055385895,0.0117639706926736,dgp_uma_pca50_n250,2.230959061067569,223.09590187589103
dgp,uma,50,250,F_300K,R2,-0.0049302352947837,0.0002288357620369,dgp_uma_pca50_n250,,4.641477408543484
dgp,uma,50,250,F_300K,RMSE,5061.384842557358,0.5763183085724618,dgp_uma_pca50_n250,0.0001138657356632,0.0113865735663217
dgp,uma,50,250,F_300K,Spearman,-0.0019968971552107,0.0133558750437507,dgp_uma_pca50_n250,,668.8313586940893
dgp,uma,50,250,max_phonon_freq,R2,-0.002704260451376,0.0001817965154642,dgp_uma_pca50_n250,,6.722596140808143
dgp,uma,50,250,max_phonon_freq,RMSE,13.001680296330584,0.0011786456986007,dgp_uma_pca50_n250,9.06533364716978e-05,0.0090653336471
dgp,uma,50,250,max_phonon_freq,Spearman,0.0060451960939106,0.0131477355318282,dgp_uma_pca50_n250,2.174906376498204,217.4906340520772
dgp,orb,10,250,Cv_300K,R2,0.7333422317642864,0.0091784282856148,dgp_orb_pca10_n250,0.0125158867007197,1.2515886699013097
dgp,orb,10,250,Cv_300K,RMSE,1.5928254021456556,0.0271158169707401,dgp_orb_pca10_n250,0.0170237220816625,1.7023722080593822
dgp,orb,10,250,Cv_300K,Spearman,0.9206741855860204,0.0042299795815108,dgp_orb_pca10_n250,0.0045944370416102,0.4594437041111261
dgp,orb,10,250,S_300K,R2,0.7892629322472057,0.0034126774939758,dgp_orb_pca10_n250,0.0043238790959802,0.4323879095432452
dgp,orb,10,250,S_300K,RMSE,5.866785392531019,0.0472483220134787,dgp_orb_pca10_n250,0.0080535282701205,0.805352826998325
dgp,orb,10,250,S_300K,Spearman,0.9405102397900263,0.0009020118388991,dgp_orb_pca10_n250,0.0009590664734288,0.0959066473326831
dgp,orb,10,250,F_300K,R2,0.8564491916117662,0.0067508906637431,dgp_orb_pca10_n250,0.0078824181631119,0.7882418162191552
dgp,orb,10,250,F_300K,RMSE,1912.4457769230296,44.03538774009968,dgp_orb_pca10_n250,0.0230256921641716,2.30256921641704
dgp,orb,10,250,F_300K,Spearman,0.95432811985868,0.0006373742638044,dgp_orb_pca10_n250,0.0006678774842124,0.0667877484142452
dgp,orb,10,250,max_phonon_freq,R2,0.7570777507886494,0.0210131471752162,dgp_orb_pca10_n250,0.0277555999411246,2.7755599937458473
dgp,orb,10,250,max_phonon_freq,RMSE,6.393514521208652,0.2769411229829238,dgp_orb_pca10_n250,0.0433159449414326,4.33159449407551
dgp,orb,10,250,max_phonon_freq,Spearman,0.9060680456075604,0.004870156369385,dgp_orb_pca10_n250,0.0053750448357544,0.5375044835161172
dgp,mace,10,250,Cv_300K,R2,0.58276471327556,0.0098739523452138,dgp_mace_pca10_n250,0.0169432913837816,1.6943291380874286
dgp,mace,10,250,Cv_300K,RMSE,1.992569042539678,0.0238513427477736,dgp_mace_pca10_n250,0.0119701461974804,1.1970146196879716
dgp,mace,10,250,Cv_300K,Spearman,0.9006712892301432,0.0042138489195106,dgp_mace_pca10_n250,0.0046785647215561,0.4678564721036648
dgp,mace,10,250,S_300K,R2,0.7225792469193347,0.0053106243353959,dgp_mace_pca10_n250,0.0073495389717285,0.73495389707114
dgp,mace,10,250,S_300K,RMSE,6.731212432456621,0.0645939483619668,dgp_mace_pca10_n250,0.0095961833042895,0.9596183304147036
dgp,mace,10,250,S_300K,Spearman,0.9133634457070492,0.0028976468233857,dgp_mace_pca10_n250,0.0031725014144206,0.3172501414073272
dgp,mace,10,250,F_300K,R2,0.7322713610924014,0.0089886075419887,dgp_mace_pca10_n250,0.0122749680235746,1.2274968021898345
dgp,mace,10,250,F_300K,RMSE,2612.084615929483,43.99073528871405,dgp_mace_pca10_n250,0.0168412366967141,1.6841236696713489
dgp,mace,10,250,F_300K,Spearman,0.9272342577815842,0.0020720435289948,dgp_mace_pca10_n250,0.0022346494552004,0.2234649454959437
dgp,mace,10,250,max_phonon_freq,R2,0.4192334365537248,0.0489598859946276,dgp_mace_pca10_n250,0.1167843061304901,11.678430610263348
dgp,mace,10,250,max_phonon_freq,RMSE,9.886747317287297,0.4029602537486639,dgp_mace_pca10_n250,0.0407576163137167,4.075761631330449
dgp,mace,10,250,max_phonon_freq,Spearman,0.8539573449730382,0.0089500858748335,dgp_mace_pca10_n250,0.0104807177167801,1.0480717715552887
dgp,soap,10,250,Cv_300K,R2,0.4810539664872971,0.0416074079443432,dgp_soap_pca10_n250,0.0864921835031619,8.649218348518218
dgp,soap,10,250,Cv_300K,RMSE,2.229224607817,0.0897509070365801,dgp_soap_pca10_n250,0.0402610426611385,4.02610426593325
dgp,soap,10,250,Cv_300K,Spearman,0.8119987477038653,0.0121546335281297,dgp_soap_pca10_n250,0.0149687835880289,1.4968783586185526
dgp,soap,10,250,S_300K,R2,0.5492304027968322,0.0184236963528092,dgp_soap_pca10_n250,0.0335445675603365,3.3544567554229
dgp,soap,10,250,S_300K,RMSE,8.57901869746395,0.1750714609735025,dgp_soap_pca10_n250,0.0204069331408795,2.0406933140641694
dgp,soap,10,250,S_300K,Spearman,0.7931207743196736,0.0106631332142688,dgp_soap_pca10_n250,0.0134445264322012,1.3444526430506138
dgp,soap,10,250,F_300K,R2,0.5973670326649325,0.0242476552452388,dgp_soap_pca10_n250,0.0405908828565025,4.059088284970757
dgp,soap,10,250,F_300K,RMSE,3207.0720066153044,96.76850524265063,dgp_soap_pca10_n250,0.0301734744474224,3.0173474447421476
dgp,soap,10,250,F_300K,Spearman,0.8156185840309673,0.0088669679779137,dgp_soap_pca10_n250,0.0108714638821631,1.0871463880830223
dgp,soap,10,250,max_phonon_freq,R2,0.4307968820571002,0.0486060768018073,dgp_soap_pca10_n250,0.1128282929293921,11.282829290320151
dgp,soap,10,250,max_phonon_freq,RMSE,9.836115049871674,0.4182613727527169,dgp_soap_pca10_n250,0.0425230256693849,4.252302566895264
dgp,soap,10,250,max_phonon_freq,Spearman,0.7862633127501703,0.0288030093186762,dgp_soap_pca10_n250,0.0366327779149835,3.66327779103244
dgp,uma,10,250,Cv_300K,R2,0.5488167174060121,0.0181670191595151,dgp_uma_pca10_n250,0.0331021606728412,3.3102160666809652
dgp,uma,10,250,Cv_300K,RMSE,2.0717689494732396,0.0419837466650587,dgp_uma_pca10_n250,0.0202646857294262,2.026468572844808
dgp,uma,10,250,Cv_300K,Spearman,0.7908989377887707,0.0109612999846629,dgp_uma_pca10_n250,0.0138592928387398,1.385929283698755
dgp,uma,10,250,S_300K,R2,0.5256946108037293,0.0231247279886638,dgp_uma_pca10_n250,0.0439889006153375,4.398890060696979
dgp,uma,10,250,S_300K,RMSE,8.799317502730919,0.2101840480750936,dgp_uma_pca10_n250,0.023886403463662,2.388640346339056
dgp,uma,10,250,S_300K,Spearman,0.7754385703820632,0.0115871525840272,dgp_uma_pca10_n250,0.0149427085865978,1.4942708584670827
dgp,uma,10,250,F_300K,R2,0.6112374472581172,0.0206558757382271,dgp_uma_pca10_n250,0.0337935377337972,3.3793537728268555
dgp,uma,10,250,F_300K,RMSE,3146.9965782598556,81.99085797939019,dgp_uma_pca10_n250,0.0260536851376963,2.605368513769556
dgp,uma,10,250,F_300K,Spearman,0.795490242610027,0.0125689770266806,dgp_uma_pca10_n250,0.015800290630142,1.580029062815577
dgp,uma,10,250,max_phonon_freq,R2,0.6110670057407346,0.0222381701336779,dgp_uma_pca10_n250,0.0363923594708256,3.639235946487011
dgp,uma,10,250,max_phonon_freq,RMSE,8.094188359012525,0.2312303172733062,dgp_uma_pca10_n250,0.0285674495103442,2.856744950999128
dgp,uma,10,250,max_phonon_freq,Spearman,0.7957975694886187,0.0182786709041626,dgp_uma_pca10_n250,0.0229689956403215,2.2968995637435303
