paradigm,setup,seed,jobid,rank,RL_step,comp,ele_comb,reward,value,sg_symbol,sg_number,n_atoms,density_gcc,reduced_formula,in_seed_pool
mg,BASE,17,3003718,1,15,AlPt4,"('Al', 'Pt')",0.5605258546231184,232.99982475678502,C2/m,12,10,17.571117717650942,AlPt4,False
mg,BASE,17,3003718,2,19,ZrTaTiO6,"('O', 'Ta', 'Ti', 'Zr')",0.5431089769458639,226.38141123942827,P312,149,9,6.40201058565718,ZrTaTiO6,False
mg,BASE,17,3003718,3,5,Zr3TiN3,"('N', 'Ti', 'Zr')",0.5109821854136267,214.17323045717816,Cm,8,7,6.43731884832421,Zr3TiN3,False
mg,BASE,99,3003719,1,7,Nb3Ir2Ru,"('Ir', 'Nb', 'Ru')",0.6098833680242078,251.75567984919897,P4/mmm,123,6,13.0276893098412,Nb3Ir2Ru,False
mg,BASE,99,3003719,2,9,FePt2Rh5,"('Fe', 'Pt', 'Rh')",0.5873415600725028,243.18979282755106,I-4m2,119,8,13.72051342694236,FePt2Rh5,False
mg,BASE,99,3003719,3,7,Ta2PdRh3,"('Pd', 'Rh', 'Ta')",0.5660522674578018,235.09986163396468,Cmmm,65,6,13.828662152243513,Ta2PdRh3,False
mg,ACC,17,3003720,1,18,CuRu13W4,"('Cu', 'Ru', 'W')",0.6849102916751364,280.2659108365518,Pm,6,18,13.579092425944863,CuRu13W4,False
mg,ACC,17,3003720,2,7,Rh5W3,"('Rh', 'W')",0.6647672788183607,272.6115659509771,Cmce,64,16,14.876603105574944,Rh5W3,False
mg,ACC,17,3003720,3,17,Mo2Pt3Rh2,"('Mo', 'Pt', 'Rh')",0.615962905747492,254.06590418404696,C2/m,12,7,15.297063029217806,Mo2Pt3Rh2,False
mg,ACC,99,3003721,1,8,CoIrOs2,"('Co', 'Ir', 'Os')",0.8368215184630844,337.99217701597206,P4/mmm,123,4,19.326419024091763,CoIrOs2,False
mg,ACC,99,3003721,2,2,CoIrOs2,"('Co', 'Ir', 'Os')",0.8367866062736039,337.9789103839695,P4/mmm,123,4,19.338452427735724,CoIrOs2,False
mg,ACC,99,3003721,3,18,CoIrOs2,"('Co', 'Ir', 'Os')",0.8357947228394845,337.6019946790041,I-4m2,119,4,19.338861789309817,CoIrOs2,False
cf,BASE,17,3003722,1,8,OsO2,"('O', 'Os')",0.6381571331044918,262.4997105797069,C2/m,12,6,10.241488078596479,OsO2,False
cf,BASE,17,3003722,2,7,CeTa3C4,"('C', 'Ce', 'Ta')",0.6381073600620945,262.4807968235959,R-3m,166,8,12.18436913953314,CeTa3C4,False
cf,BASE,17,3003722,3,17,LuMo3O8,"('Lu', 'Mo', 'O')",0.4886774890320712,205.69744583218704,P2/m,10,12,6.543768406665472,LuMo3O8,False
cf,BASE,99,3003723,1,18,VIr7,"('Ir', 'V')",0.8026246105416196,324.99735200581546,P-6m2,187,8,20.212588043236362,VIr7,False
cf,BASE,99,3003723,2,7,Fe11Re2,"('Fe', 'Re')",0.681795816408797,279.0824102353429,P-1,2,13,10.469477676110811,Fe11Re2,False
cf,BASE,99,3003723,3,4,TiV2N,"('N', 'Ti', 'V')",0.521956819724306,218.34359149523627,C2/m,12,4,5.586801031761139,TiV2N,False
cf,ACC,17,3003724,1,17,C,"('C',)",0.5276425931387194,220.50418539271337,P-1,2,4,1.8453437188063397,C,True
cf,ACC,17,3003724,2,8,Yb2WN2O,"('N', 'O', 'W', 'Yb')",0.4270910479587446,182.29459822432295,P3m1,156,6,10.067690151587714,Yb2WN2O,False
cf,ACC,17,3003724,3,9,Sm2MnVO6,"('Mn', 'O', 'Sm', 'V')",0.4142726897472789,177.42362210396598,P2_1/c,14,20,6.729762974098439,Sm2MnVO6,False
cf,ACC,99,3003725,1,16,Re5W,"('Re', 'W')",0.8328024675809249,336.46493768075146,P1,1,12,20.138525752124114,Re5W,False
cf,ACC,99,3003725,2,6,V2RuRh5,"('Rh', 'Ru', 'V')",0.5909629717104729,244.5659292499797,Pm,6,8,10.628813768054783,V2RuRh5,False
cf,ACC,99,3003725,3,7,HfTi2NbO8,"('Hf', 'Nb', 'O', 'Ti')",0.498942220818334,209.5980439109669,P1,1,12,5.676209757706081,HfTi2NbO8,False
adit,BASE,17,3003726,1,1,FeB2MoW,"('B', 'Fe', 'Mo', 'W')",0.7532388241242844,306.2307531672281,Pmc2_1,26,10,11.243248654904328,FeB2MoW,False
adit,BASE,17,3003726,2,8,FeB2MoW,"('B', 'Fe', 'Mo', 'W')",0.7530171281098431,306.1465086817404,Pmc2_1,26,10,11.242964496134627,FeB2MoW,False
adit,BASE,17,3003726,3,1,TiCrB2,"('B', 'Cr', 'Ti')",0.6341282478367176,260.9687341779527,Amm2,38,4,5.3686793053654265,TiCrB2,False
adit,BASE,99,3003727,1,3,V2WO6,"('O', 'V', 'W')",0.5633016134126805,234.05461309681857,P2,3,18,6.338545875276536,V2WO6,False
adit,BASE,99,3003727,2,9,Nb2V3Ru,"('Nb', 'Ru', 'V')",0.4989370538542641,209.59608046462037,P6_3/mmc,194,12,7.903585718453063,Nb2V3Ru,False
adit,BASE,99,3003727,3,17,Mn3NiP4,"('Mn', 'Ni', 'P')",0.4944252362483207,207.88158977436186,Pm,6,8,6.101031183598066,Mn3NiP4,False
adit,ACC,17,3003728,1,3,TaB2W,"('B', 'Ta', 'W')",0.7711780907816069,313.04767449701063,Amm2,38,4,14.641378533328478,TaB2W,False
adit,ACC,17,3003728,2,7,Ti4CN3,"('C', 'N', 'Ti')",0.6516382015640196,267.62251659432746,P3m1,156,8,5.177594675092696,Ti4CN3,False
adit,ACC,17,3003728,3,0,Mn3NiP4,"('Mn', 'Ni', 'P')",0.4946127076526903,207.9528289080223,Pm,6,8,6.0988345330533305,Mn3NiP4,False
adit,ACC,99,3003729,1,9,TiVN2,"('N', 'Ti', 'V')",0.771195818097009,313.0544108768634,R3m,160,16,5.777484744470594,TiVN2,False
adit,ACC,99,3003729,2,0,Hf3TiO8,"('Hf', 'O', 'Ti')",0.5742126879969705,238.20082143884878,Cm,8,12,8.86689576961688,Hf3TiO8,False
adit,ACC,99,3003729,3,8,PdRh3,"('Pd', 'Rh')",0.5433142582999658,226.459418153987,P-3m1,164,4,11.81296190985594,PdRh3,False
mg,BASE,7,3006079,1,18,Zr2Ir7Rh,"('Ir', 'Rh', 'Zr')",0.6432711325795265,264.4430303802201,Amm2,38,10,17.343521210959413,Zr2Ir7Rh,False
mg,BASE,7,3006079,2,6,CoPt4Rh,"('Co', 'Pt', 'Rh')",0.623909856831418,257.0857455959388,P4/mmm,123,6,17.601629186115723,CoPt4Rh,False
mg,BASE,7,3006079,3,18,Hf3Mg(CrN2)4,"('Cr', 'Hf', 'Mg', 'N')",0.5944123961438853,245.87671053467642,Pm,6,16,8.913677107348946,Hf3Mg(CrN2)4,False
mg,ACC,7,3006080,1,19,FeRe9Os2,"('Fe', 'Os', 'Re')",0.8401424999598929,339.2541499847593,Imm2,44,12,19.898293616783874,FeRe9Os2,False
mg,ACC,7,3006080,2,1,Pt4RhW,"('Pt', 'Rh', 'W')",0.6563349414015577,269.4072777325919,P-1,2,12,19.111490980895763,Pt4RhW,False
mg,ACC,7,3006080,3,10,IrPt7Rh2,"('Ir', 'Pt', 'Rh')",0.635648705625109,261.5465081375414,Cm,8,10,19.099569667807216,IrPt7Rh2,False
cf,BASE,7,3006081,1,4,Li4V3NiO8,"('Li', 'Ni', 'O', 'V')",0.4146128103535376,177.55286793434428,P1,1,16,4.167104165549863,Li4V3NiO8,False
cf,BASE,7,3006081,2,10,LiLa2ReO6,"('La', 'Li', 'O', 'Re')",0.3997171194225569,171.8925053805716,P1,1,10,7.486545324473185,LiLa2ReO6,False
cf,BASE,7,3006081,3,8,Nb7V,"('Nb', 'V')",0.3968492477538848,170.80271414647623,P2/m,10,8,8.184478357275317,Nb7V,False
cf,ACC,7,3006082,1,11,MnCoB,"('B', 'Co', 'Mn')",0.5388269991284838,224.75425966882383,C2/m,12,6,7.525127523772548,MnCoB,False
cf,ACC,7,3006082,2,9,NaSm3V2Cr2O12,"('Cr', 'Na', 'O', 'Sm', 'V')",0.4409205808098564,187.54982070774543,P1,1,20,6.258250697587241,NaSm3V2Cr2O12,False
cf,ACC,7,3006082,3,18,ZnCr2Ni5,"('Cr', 'Ni', 'Zn')",0.4146277780253349,177.55855564962727,Pmm2,25,8,8.594129246030054,ZnCr2Ni5,False
adit,BASE,7,3006083,1,11,TiWN3,"('N', 'Ti', 'W')",0.6690050821814237,274.221931228941,Imm2,44,5,8.09899179868787,TiWN3,False
adit,BASE,7,3006083,2,1,V6O11F,"('F', 'O', 'V')",0.5206630599964268,217.85196279864218,P1,1,18,4.377335252044003,V6O11F,False
adit,BASE,7,3006083,3,18,LuIrOs,"('Ir', 'Lu', 'Os')",0.5154939983906124,215.8877193884327,Imma,74,6,17.432924611528662,LuIrOs,False
adit,ACC,7,3006084,1,6,MoN,"('Mo', 'N')",0.9347042033535355,375.1875972743435,P-6m2,187,8,8.892162377093733,MoN,False
adit,ACC,7,3006084,2,3,IrPt3,"('Ir', 'Pt')",0.648281836309628,266.34709779765865,Imm2,44,4,20.796169766211065,IrPt3,False
adit,ACC,7,3006084,3,14,Li3V3(WO6)2,"('Li', 'O', 'V', 'W')",0.4822059623318985,203.23826568612142,P1,1,20,5.716041737410054,Li3V3(WO6)2,False
mg,BASE,23,3006091,1,14,Pt4RhW,"('Pt', 'Rh', 'W')",0.6794274959154517,278.18244844787165,F222,22,12,19.16504618437161,Pt4RhW,False
mg,BASE,23,3006091,2,19,Pt11Rh5,"('Pt', 'Rh')",0.5949631602994753,246.0860009138006,Pmm2,25,16,18.00472396235318,Pt11Rh5,False
mg,BASE,23,3006091,3,15,PdPt4Rh7,"('Pd', 'Pt', 'Rh')",0.5922221392716929,245.0444129232433,Cm,8,12,14.956622786452034,PdPt4Rh7,False
mg,ACC,23,3006092,1,12,PdRuW2,"('Pd', 'Ru', 'W')",0.6616859733229525,271.44066986272196,P4/mmm,123,4,15.489845644864413,PdRuW2,False
mg,ACC,23,3006092,2,3,CrRu2Pt,"('Cr', 'Pt', 'Ru')",0.6279647709448961,258.6266129590605,I-4m2,119,4,13.344716734361002,CrRu2Pt,False
mg,ACC,23,3006092,3,11,V6OsPt,"('Os', 'Pt', 'V')",0.5575507080060257,231.86926904228977,Pm-3,200,8,10.343832946413675,V6OsPt,False
cf,ACC,23,3006094,1,2,VPdPt,"('Pd', 'Pt', 'V')",0.5201222468881733,217.64645381750586,Imm2,44,3,13.256117631538325,VPdPt,False
cf,ACC,23,3006094,2,8,NbMoP2,"('Mo', 'Nb', 'P')",0.4751867695664838,200.57097243526385,Imm2,44,4,6.7775957630311785,NbMoP2,False
cf,ACC,23,3006094,3,8,AlV2Ni5,"('Al', 'Ni', 'V')",0.4339571763074965,184.90372699684866,Pm,6,8,7.569971770816181,AlV2Ni5,False
adit,BASE,23,3006095,1,14,MoC,"('C', 'Mo')",0.8727598399122442,351.6487391666528,P6_3/mmc,194,8,8.459097332465237,MoC,False
adit,BASE,23,3006095,2,1,Mn(BMo)3,"('B', 'Mn', 'Mo')",0.7326286546402182,298.3988887632829,Cmcm,63,14,8.435502795507013,Mn(BMo)3,False
adit,BASE,23,3006095,3,1,Nb2Re3Ni,"('Nb', 'Ni', 'Re')",0.6387589553421871,262.7284030300311,Cm,8,12,14.00677283148723,Nb2Re3Ni,False
adit,ACC,23,3006096,1,5,FeRe(PW)2,"('Fe', 'P', 'Re', 'W')",0.7309327029044022,297.7544271036728,Pmc2_1,26,12,14.029633810302398,FeRe(PW)2,False
adit,ACC,23,3006096,2,16,FeCoN,"('Co', 'Fe', 'N')",0.6259374450370978,257.8562291140972,P31m,157,9,7.770453126581991,FeCoN,False
adit,ACC,23,3006096,3,1,TaCo2,"('Co', 'Ta')",0.6191063289525154,255.26040500195586,C2,5,6,12.984083721258447,TaCo2,True
mg,BASE,113,3006103,1,10,Hf3TaN4,"('Hf', 'N', 'Ta')",0.7276267009074895,296.498146344846,Cmmm,65,8,13.998917221118319,Hf3TaN4,False
mg,BASE,113,3006103,2,3,VIr,"('Ir', 'V')",0.6818914904797352,279.1187663822994,P2,3,16,14.418580365398824,VIr,True
mg,BASE,113,3006103,3,17,IrO2,"('Ir', 'O')",0.6551644039752915,268.9624735106108,Pbcn,60,12,11.406685041248421,IrO2,False
mg,ACC,113,3006104,1,16,Os5W3,"('Os', 'W')",0.8410222914474295,339.5884707500232,Cmmm,65,8,20.6116411708521,Os5W3,False
mg,ACC,113,3006104,2,19,ReOs2Pt3,"('Os', 'Pt', 'Re')",0.761959272316004,309.5445234800815,P4mm,99,6,21.119874462487342,ReOs2Pt3,False
mg,ACC,113,3006104,3,8,Ti7V2N9,"('N', 'Ti', 'V')",0.7445294531561187,302.9211921993251,P-1,2,18,5.506577788117668,Ti7V2N9,False
cf,BASE,113,3006105,1,8,Fe7Ni,"('Fe', 'Ni')",0.540309765529233,225.31771090110857,Cmmm,65,8,8.004603845736282,Fe7Ni,False
cf,BASE,113,3006105,2,3,InPt4Rh3,"('In', 'Pt', 'Rh')",0.5225283108346511,218.56075811716744,Amm2,38,8,15.943269407445769,InPt4Rh3,False
cf,BASE,113,3006105,3,9,LiIrO3,"('Ir', 'Li', 'O')",0.4861735790818151,204.74596005108972,R3c,161,10,8.307268891086148,LiIrO3,False
cf,ACC,113,3006106,1,2,ReIr2Rh5,"('Ir', 'Re', 'Rh')",0.7163230827682574,292.2027714519378,C2,5,8,15.632087341702958,ReIr2Rh5,False
cf,ACC,113,3006106,2,10,HfTi6C5,"('C', 'Hf', 'Ti')",0.498676866177493,209.49720914744734,Immm,71,12,5.853078638923702,HfTi6C5,False
cf,ACC,113,3006106,3,13,Hf2TaW3,"('Hf', 'Ta', 'W')",0.4688786918283065,198.17390289475648,R-3m,166,6,15.996280033570818,Hf2TaW3,False
adit,BASE,113,3006107,1,18,Fe6NiRh3,"('Fe', 'Ni', 'Rh')",0.5316482455450894,222.02633330713397,P4mm,99,10,8.955269047800671,Fe6NiRh3,False
adit,BASE,113,3006107,2,19,Li4V(WO4)3,"('Li', 'O', 'V', 'W')",0.4966441306921965,208.72476966303466,P1,1,20,6.413814449223727,Li4V(WO4)3,False
adit,BASE,113,3006107,3,8,GeAsRh4,"('As', 'Ge', 'Rh')",0.4924980036206706,207.1492413758548,P2_1/m,11,12,10.633901079818633,GeAsRh4,False
adit,ACC,113,3006108,1,15,TaNO,"('N', 'O', 'Ta')",0.6497190328391665,266.8932324788833,Pca2_1,29,12,9.808101295792612,TaNO,False
adit,ACC,113,3006108,2,8,MnFe3Co,"('Co', 'Fe', 'Mn')",0.6042056781015582,249.59815767859212,Fmm2,42,5,8.201362339872764,MnFe3Co,False
adit,ACC,113,3006108,3,0,Ti2CO,"('C', 'O', 'Ti')",0.5714202302020714,237.13968747678715,R-3m,166,4,5.0314272574602725,Ti2CO,False
cf,BASE,23,3006476,1,4,Nb3C2,"('C', 'Nb')",0.6022848322092574,248.8682362395178,P-3m1,164,5,7.620439208111142,Nb3C2,False
cf,BASE,23,3006476,2,2,FeMo3OsRh3,"('Fe', 'Mo', 'Os', 'Rh')",0.5895438813180706,244.02667490086682,Pm,6,8,12.040543664376418,FeMo3OsRh3,False
cf,BASE,23,3006476,3,17,MgTi2N3,"('Mg', 'N', 'Ti')",0.589454020694663,243.99252786397196,I4/mmm,139,6,4.612056898544084,MgTi2N3,False
